sep=,
"area_name","population_total","population_male","population_female","deaths_num_total","deaths_num_male","deaths_num_female","deaths_num_infant","deaths_num_neonatal","deaths_num_perinatal","deaths_rate_crude","deaths_rate_agestd_total","deaths_rate_agestd_male","deaths_rate_agestd_female","deaths_rate_infant","deaths_rate_neonatal","deaths_rate_perinatal"
"UNITED KINGDOM","63232600","31074400","32158200","552232","267491","284741","3502","2450","6075","8.7","537.6","637","454.7","4.3","3","7.5"
"ENGLAND AND WALES2","56170900","27637600","28533300","484367","234660","249707","3154","2203","5502","8.6","526.8","623.6","445.8","4.4","3","7.6"
"ENGLAND","53107200","26133200","26974000","452862","219068","233794","2986","2092","5234","8.5","522.9","618.5","442.9","4.3","3","7.6"
"NORTH EAST","2596400","1269600","1326800","25711","12400","13311","109","71","236","9.9","596.2","700.4","510.4","3.6","2.3","7.7"
"County Durham UA","513000","251200","261800","5202","2462","2740","23","16","49","10.1","599.1","684.3","525.2","3.9","2.7","8.4"
"Darlington UA","105600","51500","54100","985","488","497","6","4","9","9.3","541.7","654.7","453.5","4.6","3.1","6.9"
"Hartlepool UA","92100","44800","47300","922","439","483","4","3","12","10","619.5","718","538.1","3.4","2.5","10"
"Middlesbrough UA","138400","67700","70700","1356","673","683","9","4","19","9.8","682.2","816.6","570.6","4.5","2","9.4"
"Northumberland UA","316300","154200","162000","3267","1571","1696","14","6","14","10.3","541.9","630.5","466.8","4.7","2","4.7"
"Redcar and Cleveland UA","135200","65700","69500","1408","667","741","1","1","7","10.4","582.7","663.3","514.7","0","0","4.1"
"Stockton-on-Tees UA","191800","94200","97700","1662","785","877","12","10","17","8.7","577.7","658.1","511.1","4.9","4.1","7"
"Tyne and Wear (Met county)","1104100","540500","563700","10909","5315","5594","40","27","109","9.9","612.3","736.2","512.9","3.1","2.1","8.3"
"Gateshead","200300","98000","102300","2100","1050","1050","13","9","25","10.5","630.9","751.8","525.2","5.5","3.8","10.5"
"Newcastle upon Tyne","279100","139900","139200","2380","1154","1226","9","7","32","8.5","609.2","729.4","511.3","2.6","2.1","9.3"
"North Tyneside","201200","97100","104100","2014","960","1054","6","6","18","10","576.2","693.9","490.1","2.5","2.5","7.4"
"South Tyneside","148200","71600","76600","1683","818","865","3","2","13","11.4","634.2","784.2","519.6","1.8","0","7.8"
"Sunderland","275300","133900","141500","2732","1333","1399","9","3","21","9.9","619.8","740.4","521.7","2.8","0.9","6.4"
"NORTH WEST","7056000","3467700","3588200","66372","32009","34363","417","287","711","9.4","589.7","693","500.8","4.7","3.2","8"
"Blackburn with Darwen UA","147700","73600","74000","1189","596","593","12","8","26","8.1","634.8","765.6","519.5","5.1","3.4","11"
"Blackpool UA","142100","69700","72300","1818","913","905","7","4","19","12.8","728.6","902.2","577.3","4","2.3","10.9"
"Cheshire East UA","370700","181700","189000","3420","1576","1844","15","11","29","9.2","480.5","545.4","424.5","3.7","2.7","7.2"
"Cheshire West and Chester UA","329500","160600","168900","3155","1503","1652","17","16","33","9.6","528.4","616.9","452.4","4.5","4.3","8.8"
"Halton UA","125700","61300","64400","1109","546","563","6","3","15","8.8","629.6","736.3","554.1","3.8","1.9","9.5"
"Warrington UA","202700","100500","102200","1747","856","891","13","12","23","8.6","576.1","681","488","5.4","5","9.6"
"Cumbria","499800","246100","253700","5464","2556","2908","17","10","28","10.9","556.9","633.6","488.6","3.4","2","5.5"
"Allerdale","96400","47400","49000","1145","526","619","3","2","7","11.9","599.5","675.6","535.5","3.2","0","7.4"
"Barrow-in-Furness","69100","34200","34900","761","368","393","2","1","0","11","647.1","756","541.7","0","0","0"
"Carlisle","107500","52500","55000","1062","493","569","5","2","6","9.9","547.1","618.1","483.4","3.8","0","4.6"
"Copeland","70600","35500","35100","763","365","398","1","0","0","10.8","627.9","702.4","554.3","0","0","0"
"Eden","52500","26000","26500","518","252","266","3","2","0","9.9","468.1","556.1","395.5","7","0","0"
"South Lakeland","103700","50600","53100","1215","552","663","3","3","0","11.7","479.1","531.7","435.5","3.4","3.4","0"
"Greater Manchester (Met county)","2685400","1327700","1357700","23137","11232","11905","190","126","313","8.6","613.9","719.1","523.1","5.1","3.4","8.3"
"Bolton","277300","137000","140300","2498","1207","1291","20","13","42","9","605.8","704.9","518.3","5.2","3.4","10.8"
"Bury","185400","90700","94700","1693","801","892","14","8","23","9.1","592.9","685","511.7","5.5","3.1","9"
"Manchester","502900","253100","249800","3487","1809","1678","47","34","80","6.9","736.9","902.4","599.1","5.8","4.2","9.8"
"Oldham","225200","110300","114800","2004","969","1035","22","19","29","8.9","631.5","751.1","529.7","6.7","5.8","8.8"
"Rochdale","211900","103800","108100","1858","935","923","12","8","24","8.8","624.6","755.1","514.6","4","2.6","7.9"
"Salford","234500","117200","117300","2131","1023","1108","17","10","22","9.1","661.6","770.4","573.5","4.8","2.8","6.2"
"Stockport","283300","138400","144800","2523","1198","1325","22","13","31","8.9","502.7","589.2","426.3","6.5","3.9","9.2"
"Tameside","219700","107800","111900","2181","1036","1145","14","7","17","9.9","666.6","770.9","572.3","4.6","2.3","5.6"
"Trafford","227100","111200","115900","1847","866","981","9","6","15","8.1","500.6","571.4","441.4","3.1","2.1","5.2"
"Wigan","318100","158100","160100","2915","1388","1527","13","8","30","9.2","624","705.2","551.9","3.3","2","7.5"
"Lancashire","1171600","575400","596100","11676","5661","6015","74","48","116","10","579.4","683.7","490.2","5.4","3.5","8.4"
"Burnley","87000","42800","44300","926","452","474","8","5","6","10.6","682.4","806.6","584.6","6.8","4.3","5.1"
"Chorley","107600","53900","53700","967","447","520","4","4","13","9","562.5","631.1","500.1","3.1","3.1","10.1"
"Fylde","76100","37000","39100","965","480","485","4","2","0","12.7","554.1","687.3","440","5.8","0","0"
"Hyndburn","80500","39900","40700","791","398","393","5","4","8","9.8","655.4","779.4","544.5","4.3","3.4","6.8"
"Lancaster","137800","66600","71200","1433","694","739","7","5","12","10.4","592.7","720.5","480.2","4.4","3.2","7.6"
"Pendle","89600","44100","45500","812","401","411","11","6","14","9.1","598.2","692.6","517.3","8.4","4.6","10.7"
"Preston","140100","70300","69700","1126","560","566","14","5","19","8","589.7","695.6","495.2","7.3","2.6","9.8"
"Ribble Valley","57300","28100","29200","543","245","298","0","0","0","9.5","471","539","405.6","0","0","0"
"Rossendale","68100","33400","34700","667","327","340","4","2","0","9.8","641.1","770.6","532.5","4.7","0","0"
"South Ribble","109200","53400","55800","970","463","507","7","6","13","8.9","522.5","597.7","458.7","5.4","4.7","10.1"
"West Lancashire","110600","53800","56800","1068","515","553","5","4","10","9.7","551.6","652","472.6","4.5","3.6","8.9"
"Wyre","107700","52200","55500","1408","679","729","5","5","11","13.1","587.7","697.9","498.4","5.1","5.1","11"
"Merseyside (Met county)","1380800","671000","709700","13657","6570","7087","66","49","109","9.9","599.8","716.7","500.9","4","3","6.6"
"Knowsley","145900","69300","76600","1356","671","685","8","3","8","9.3","625.5","757.7","519.3","4.1","1.5","4"
"Liverpool","465700","230400","235200","4232","2035","2197","25","19","41","9.1","674.9","787.3","573.2","4.3","3.2","6.9"
"Sefton","274000","131300","142700","3018","1489","1529","9","7","13","11","550.3","689.6","441.1","3.2","2.5","4.6"
"St Helens","175400","86200","89200","1681","786","895","7","5","13","9.6","576.1","656.1","508","3.4","2.4","6.2"
"Wirral","319800","153800","166000","3370","1589","1781","17","15","34","10.5","567.6","683.7","467.3","4.5","3.9","8.9"
"YORKSHIRE AND THE HUMBER","5288200","2602000","2686200","48527","23466","25061","327","228","538","9.2","566.2","670","480.6","4.9","3.4","8.1"
"East Riding of Yorkshire UA","334700","163600","171100","3571","1703","1868","12","7","16","10.7","515.1","600.4","441.8","3.9","2.3","5.2"
"Kingston upon Hull‚ City of UA","256100","128300","127800","2358","1189","1169","13","8","23","9.2","672","808.1","555.5","3.4","2.1","6"
"North East Lincolnshire UA","159700","78300","81400","1564","736","828","6","5","10","9.8","568.2","647.8","499.3","3","2.5","4.9"
"North Lincolnshire UA","167500","82600","84900","1638","792","846","11","7","19","9.8","566.2","659","492.7","5.9","3.7","10.1"
"York UA","197800","96300","101500","1794","894","900","8","5","13","9.1","526.5","650.8","429","3.9","2.4","6.2"
"North Yorkshire","601200","296400","304800","6049","2844","3205","19","14","35","10.1","495","579.3","425.4","3.1","2.3","5.8"
"Craven","55500","26800","28700","590","271","319","0","0","0","10.6","448.1","539.3","374.9","0","0","0"
"Hambleton","89600","44300","45300","813","401","412","2","1","5","9.1","433.3","520.5","357.6","0","0","6.2"
"Harrogate","158700","77600","81100","1516","664","852","5","4","9","9.6","472.7","531.4","429.5","3","2.4","5.4"
"Richmondshire","53300","28700","24600","454","218","236","0","0","0","8.5","522.9","590.6","465.5","0","0","0"
"Ryedale","51900","25500","26400","555","247","308","1","0","0","10.7","453.9","486.6","431.3","0","0","0"
"Scarborough","108700","52600","56200","1404","662","742","7","5","7","12.9","585.8","696.5","490.4","6.3","4.5","6.3"
"Selby","83500","40900","42600","717","381","336","4","4","8","8.6","520.3","659.9","402.5","4.3","4.3","8.6"
"South Yorkshire (Met county)","1343800","662200","681600","12374","6054","6320","77","55","125","9.2","576.4","683.6","489.1","4.6","3.3","7.5"
"Barnsley","231900","114000","117900","2274","1084","1190","8","4","20","9.8","601.9","696.3","522.1","2.7","1.3","6.6"
"Doncaster","302500","149200","153300","2872","1457","1415","21","18","36","9.5","583.5","705.9","484.9","5.6","4.8","9.5"
"Rotherham","257700","126500","131200","2509","1225","1284","13","11","19","9.7","587.1","695.4","502.8","4.3","3.6","6.2"
"Sheffield","551800","272500","279200","4719","2288","2431","35","22","50","8.6","555.6","660.5","469","5.2","3.2","7.3"
"West Yorkshire (Met county)","2227400","1094300","1133100","19179","9254","9925","181","127","297","8.6","586","695","496.3","5.8","4.1","9.5"
"Bradford","523100","257399","265700","4222","2026","2196","56","37","86","8.1","597.5","704.7","513.1","6.7","4.5","10.3"
"Calderdale","204200","99800","104400","1850","908","942","16","10","22","9.1","584.3","718.4","475.6","6.2","3.9","8.5"
"Kirklees","423000","208900","214100","3609","1750","1859","37","28","49","8.5","576.8","688.4","484","6.4","4.8","8.4"
"Leeds","750700","368000","382700","6362","3065","3297","43","33","98","8.5","578.9","682.4","493.6","4.2","3.3","9.6"
"Wakefield","326400","160200","166300","3136","1505","1631","29","19","42","9.6","599.1","704.5","507.4","7.1","4.6","10.1"
"EAST MIDLANDS","4537400","2237000","2300500","40379","19947","20432","238","171","413","8.9","529.1","629.7","444.4","4.3","3.1","7.4"
"Derby UA","248900","123100","125800","1973","972","1001","17","13","34","7.9","523.9","627.4","435.5","4.7","3.6","9.2"
"Leicester UA","329600","163100","166600","2330","1185","1145","40","28","0","7.1","595.4","725.4","486.7","7.5","5.3","0"
"Nottingham UA","303900","153200","150700","2257","1159","1098","27","21","48","7.4","621.6","766.4","503.8","6.1","4.7","10.7"
"Rutland UA","37600","19100","18500","362","172","190","2","1","0","9.6","446.2","522.4","376","0","0","0"
"Derbyshire","770700","379100","391600","7437","3643","3794","25","17","39","9.6","529.2","633.9","442.8","2.9","2","4.6"
"Amber Valley","122500","60300","62300","1196","604","592","5","4","6","9.8","530.5","653.2","430","3.9","3.1","4.7"
"Bolsover","76000","37500","38600","778","393","385","1","0","6","10.2","578.6","726.4","463.4","0","0","6.6"
"Chesterfield","103800","50900","52900","1118","536","582","3","2","0","10.8","592.1","702.9","498.5","2.4","0","0"
"Derbyshire Dales","71100","35100","36000","748","352","396","1","1","0","10.5","471.1","554","405.8","0","0","0"
"Erewash","112200","54900","57300","974","467","507","3","2","0","8.7","491.6","576.3","420.5","2.3","0","0"
"High Peak","91000","44800","46200","817","387","430","2","2","0","9","524.9","615.4","446.8","0","0","0"
"North East Derbyshire","99100","48600","50500","1056","523","533","6","3","9","10.7","539.6","635.2","454.8","6.1","3","9.1"
"South Derbyshire","94900","47100","47800","750","381","369","4","3","5","7.9","515.2","623.2","432.6","3.5","2.6","4.4"
"Leicestershire","651200","321700","329500","5455","2732","2723","22","19","41","8.4","473.7","574.1","390.8","3.2","2.7","5.9"
"Blaby","94100","46300","47800","730","342","388","1","0","0","7.8","440.6","494.8","391.5","0","0","0"
"Charnwood","165900","82800","83100","1360","683","677","6","6","13","8.2","501.1","609.3","410.8","3.4","3.4","7.2"
"Harborough","85700","42500","43200","691","358","333","2","2","6","8.1","440.1","543.3","359.4","0","0","7.9"
"Hinckley and Bosworth","105300","51800","53500","877","446","431","2","2","6","8.3","457.1","558","379.3","0","0","4.9"
"Melton","50500","24800","25700","466","249","217","2","2","0","9.2","495.8","646.4","380.2","0","0","0"
"North West Leicestershire","93700","46400","47200","784","390","394","7","5","7","8.4","497.7","599.3","405.7","6.9","5","6.9"
"Oadby and Wigston","56000","27000","28900","547","264","283","2","2","0","9.8","479.5","590.4","386.1","0","0","0"
"Lincolnshire","714800","348300","366500","7512","3747","3765","26","15","42","10.5","531.4","631.4","447.5","3.3","1.9","5.3"
"Boston","64599","31600","33100","654","311","343","3","1","0","10.1","538.6","633.3","458.4","3.4","0","0"
"East Lindsey","136700","66600","70100","1790","888","902","10","6","9","13.1","577.7","660.3","505","7.7","4.6","6.9"
"Lincoln","93100","45600","47500","837","424","413","5","4","11","9","603.6","775.8","465.4","3.8","3","8.3"
"North Kesteven","108500","53100","55500","1073","537","536","2","1","0","9.9","493.6","581.5","419.8","0","0","0"
"South Holland","88400","43200","45200","934","475","459","2","0","0","10.6","500.8","598.4","416.9","0","0","0"
"South Kesteven","134100","64800","69300","1266","619","647","2","2","5","9.4","481.7","574.1","410.2","0","0","3.3"
"West Lindsey","89400","43500","45800","958","493","465","2","1","5","10.7","552.7","657.3","461.4","0","0","5.6"
"Northamptonshire","694000","342300","351600","5720","2797","2923","46","33","82","8.2","540.8","631.6","460.4","5","3.6","8.8"
"Corby","61600","30300","31300","514","260","254","3","2","6","8.3","665","767.7","573.5","3.1","0","6.3"
"Daventry","78100","39000","39100","648","331","317","1","1","8","8.3","494.8","602.4","402.5","0","0","9.7"
"East Northamptonshire","86900","43100","43800","765","381","384","3","2","7","8.8","517.9","623.1","418.4","3.1","0","7.2"
"Kettering","93800","46100","47800","820","399","421","6","6","10","8.7","539","647","450.3","4.9","4.9","8.1"
"Northampton","212500","104500","108000","1714","813","901","23","17","31","8.1","593.2","679.3","516.6","7","5.1","9.3"
"South Northamptonshire","85400","42200","43200","640","306","334","2","1","9","7.5","440.5","492.5","386.8","0","0","9.9"
"Wellingborough","75600","37200","38400","619","307","312","8","4","11","8.2","516.3","611.6","439","7.5","3.8","10.3"
"Nottinghamshire","786800","387200","399600","7333","3540","3793","33","24","64","9.3","525.1","611.2","451.9","3.7","2.7","7.1"
"Ashfield","119500","58600","60900","1118","549","569","4","3","9","9.4","588.5","691.5","500.3","2.6","2","5.9"
"Bassetlaw","113000","56100","56900","1119","571","548","5","4","13","9.9","558.4","675.1","460.8","3.9","3.1","10"
"Broxtowe","109700","54300","55500","1017","474","543","4","4","8","9.3","505.2","570.1","445.8","3.2","3.2","6.4"
"Gedling","113700","55500","58300","1016","485","531","4","2","6","8.9","485.6","556.4","425.6","3.3","0","4.9"
"Mansfield","104600","51300","53200","991","485","506","6","3","5","9.5","563.3","669","473.5","4.3","2.2","3.6"
"Newark and Sherwood","115000","56600","58400","1132","551","581","5","5","15","9.8","538","634.8","461.3","4.1","4.1","12.3"
"Rushcliffe","111200","54800","56500","940","425","515","5","3","8","8.4","445.8","495.9","401.5","4.4","2.6","7"
"WEST MIDLANDS","5608700","2767300","2841400","49110","23976","25134","440","317","620","8.8","536","636.1","452.2","6","4.3","8.4"
"Herefordshire‚ County of UA","183600","90400","93300","1915","934","981","11","8","8","10.4","504.2","603","424.9","5.9","4.3","4.3"
"Shropshire UA","307100","152200","154900","2987","1395","1592","10","7","14","9.7","485.3","555","425.4","3.5","2.4","4.8"
"Stoke-on-Trent UA","248700","123900","124800","2311","1135","1176","32","25","36","9.3","633.4","730.6","550.4","8.4","6.6","9.4"
"Telford and Wrekin UA","166800","82600","84200","1320","666","654","12","6","11","7.9","581.2","694.4","485.7","5.2","2.6","4.7"
"Staffordshire","849500","420400","429100","7591","3625","3966","46","33","73","8.9","510.2","589.8","445.6","5.1","3.7","8.1"
"Cannock Chase","97600","48200","49400","780","394","386","7","5","9","8","534.4","649.2","437.9","6.2","4.4","7.9"
"East Staffordshire","113900","56600","57300","998","461","537","10","8","12","8.8","543.4","613.5","476.1","6.7","5.4","8"
"Lichfield","100900","50000","50900","919","436","483","5","3","8","9.1","495.7","564.8","443.3","5","3","7.9"
"Newcastle-under-Lyme","123900","61200","62600","1203","586","617","8","5","10","9.7","542.6","637.6","474.5","6.3","3.9","7.8"
"South Staffordshire","108300","53300","55000","1016","475","541","2","2","5","9.4","473.1","539.9","418.6","0","0","5.4"
"Stafford","130900","65500","65400","1193","574","619","6","4","10","9.1","493.2","567.6","435.1","4.7","3.1","7.8"
"Staffordshire Moorlands","97200","47800","49400","937","442","495","4","4","9","9.6","488.7","561.7","427.1","4.5","4.5","10"
"Tamworth","76900","37700","39200","545","257","288","4","2","10","7.1","515.4","586.6","458.7","4","0","10"
"Warwickshire","546600","269600","277000","4823","2371","2452","28","21","46","8.8","495.1","593.6","415.4","4.5","3.3","7.3"
"North Warwickshire","62100","30600","31500","617","290","327","7","6","8","9.9","570.2","641.3","508.2","10.8","9.2","12.3"
"Nuneaton and Bedworth","125400","61500","63900","1105","548","557","5","3","13","8.8","568.2","694.8","477.6","3.1","1.8","7.9"
"Rugby","100500","50100","50400","835","397","438","3","2","12","8.3","481.5","539.4","431.9","2.4","0","9.4"
"Stratford-on-Avon","120800","58700","62100","1160","589","571","6","6","6","9.6","440","559.4","346.8","5.2","5.2","5.2"
"Warwick","137700","68700","69000","1106","547","559","7","4","7","8","469","571.5","381.4","4.5","2.6","4.5"
"West Midlands (Met county)","2739700","1349200","1390500","22873","11323","11550","286","207","395","8.3","565.6","682.2","467.7","7","5.1","9.6"
"Birmingham","1074300","528800","545400","7985","3926","4059","143","107","193","7.4","579.2","694.3","480.8","8.2","6.1","11"
"Coventry","316900","157800","159100","2630","1303","1327","27","17","34","8.3","577.2","689.7","479.4","5.6","3.5","7"
"Dudley","313300","153900","159400","2933","1458","1475","13","11","21","9.4","538.4","652.8","445.3","3.5","3","5.6"
"Sandwell","309000","152100","156900","2775","1379","1396","33","25","56","9","610.6","749.1","501.9","6.6","5","11.1"
"Solihull","206900","100400","106400","1789","895","894","10","8","19","8.6","459.6","558.9","386.8","4.2","3.4","8"
"Walsall","269500","132400","137100","2426","1206","1220","36","26","41","9","571.7","691.3","467.2","9.6","6.9","10.9"
"Wolverhampton","249900","123700","126200","2335","1156","1179","24","13","31","9.3","584.7","706.2","476.3","6.6","3.6","8.4"
"Worcestershire","566600","278900","287600","5290","2527","2763","15","10","37","9.3","488.9","572.4","416.6","2.4","1.6","5.9"
"Bromsgrove","93700","46300","47400","927","393","534","1","1","0","9.9","461.4","489.4","434.5","0","0","0"
"Malvern Hills","74700","36300","38400","911","430","481","3","0","0","12.2","487.2","579.6","404.7","4.7","0","0"
"Redditch","84300","41900","42400","644","314","330","2","1","6","7.6","547.5","639.1","466.2","0","0","5.1"
"Worcester","98700","48600","50100","738","365","373","5","5","10","7.5","503.3","615.6","418.3","3.8","3.8","7.5"
"Wychavon","117100","57500","59600","1094","543","551","1","0","6","9.3","442.2","531.6","365.3","0","0","5.3"
"Wyre Forest","98000","48300","49700","976","482","494","3","3","9","10","519.9","617.2","435.1","2.9","2.9","8.5"
"EAST","5862400","2885000","2977400","50561","24394","26167","297","211","506","8.6","485.3","570.4","414.4","4.1","2.9","6.9"
"Bedford UA","157800","77500","80300","1269","606","663","19","11","18","8","507.5","587.1","441.1","9.1","5.3","8.6"
"Central Bedfordshire UA","255600","126800","128900","1822","928","894","12","9","19","7.1","466","552.3","390.2","3.6","2.7","5.7"
"Luton UA","203600","102300","101300","1309","663","646","17","10","21","6.4","558.4","650.9","472.8","4.8","2.8","5.9"
"Peterborough UA","184500","91400","93100","1426","749","677","15","9","22","7.7","564.5","706","450.4","4.8","2.9","7"
"Southend on Sea UA","174300","85400","88900","1722","763","959","8","5","11","9.9","522.9","598.7","461.3","3.5","2.2","4.8"
"Thurrock UA","158300","78100","80100","1142","552","590","4","3","13","7.2","547.4","652.6","461.4","1.7","1.3","5.4"
"Cambridgeshire","622300","310500","311800","4550","2220","2330","24","17","45","7.3","440.6","520.2","377.4","3.2","2.3","6"
"Cambridge","122700","62600","60100","747","353","394","5","3","7","6.1","442.1","529.3","374.1","3.6","2.1","5"
"East Cambridgeshire","84200","41700","42600","677","328","349","7","5","10","8","456.9","558.6","381.6","6.3","4.5","8.9"
"Fenland","95500","46900","48500","992","471","521","4","3","9","10.4","537.4","622.2","465.2","3.5","2.6","7.8"
"Huntingdonshire","170000","84800","85300","1164","585","579","6","4","11","6.8","434.9","521.4","367.1","2.9","2","5.4"
"South Cambridgeshire","149800","74500","75400","970","483","487","2","2","8","6.5","375","436.3","325.7","0","0","4.4"
"Essex","1396600","681800","714800","12864","6082","6782","64","46","113","9.2","499","580.6","430.9","3.9","2.8","6.9"
"Basildon","175000","84900","90100","1407","648","759","7","4","21","8","501.4","571.5","445.6","3","1.7","9"
"Braintree","147500","72400","75100","1224","572","652","7","5","13","8.3","484.6","550","433.8","4","2.8","7.4"
"Brentwood","73800","35700","38200","679","300","379","3","1","0","9.2","440.6","491.3","393.5","3.9","0","0"
"Castle Point","88000","42900","45100","905","442","463","4","4","7","10.3","489.9","579.4","429.6","4.9","4.9","8.6"
"Chelmsford","168500","83000","85500","1324","658","666","5","4","9","7.9","461.5","552.6","383.5","2.5","2","4.5"
"Colchester","173600","85800","87800","1432","663","769","8","4","9","8.2","517.2","597.3","441.3","3.7","1.8","4.1"
"Epping Forest","124900","60500","64400","1139","525","614","4","3","9","9.1","485.8","557.6","427.4","2.5","1.9","5.6"
"Harlow","82200","39800","42400","703","339","364","9","7","12","8.6","581.8","690.4","498","7","5.5","9.3"
"Maldon","61700","30500","31200","584","261","323","1","0","0","9.5","496.3","542.5","451.4","0","0","0"
"Rochford","83300","40800","42500","704","345","359","5","5","10","8.4","426.6","512.5","360.5","6.2","6.2","12.4"
"Tendring","138100","66100","72000","2109","1007","1102","7","5","7","15.3","598.7","717.5","496","5","3.6","5"
"Uttlesford","80000","39600","40500","654","322","332","4","4","8","8.2","454.9","548.7","374.3","4.7","4.7","9.3"
"Hertfordshire","1119800","549000","570800","8708","4199","4509","53","44","107","7.8","474.1","564.5","401","3.5","2.9","7.1"
"Broxbourne","93700","45400","48300","687","349","338","1","0","7","7.3","460.8","568.9","376.8","0","0","5.5"
"Dacorum","145300","71500","73800","1125","566","559","5","4","10","7.7","461.1","569.7","366.3","2.7","2.2","5.4"
"East Hertfordshire","138200","67900","70300","951","469","482","4","3","10","6.9","434.5","521.7","367.4","2.3","1.7","5.8"
"Hertsmere","100400","48500","51900","841","382","459","7","7","12","8.4","485.2","546.7","439.4","5.4","5.4","9.3"
"North Hertfordshire","127500","62500","65000","1203","545","658","3","2","12","9.4","501.8","578.3","434.1","1.8","0","7.2"
"St Albans","141200","69300","71900","1022","511","511","6","4","12","7.2","445.2","537.3","370.9","3.1","2","6.1"
"Stevenage","84200","41600","42600","632","313","319","11","11","15","7.5","523.2","620.7","452.1","9","9","12.2"
"Three Rivers","87900","42700","45200","733","353","380","3","3","8","8.3","455.3","562.4","370","2.9","2.9","7.6"
"Watford","90700","45000","45600","633","306","327","5","4","12","7","533.6","642.5","443.8","3.3","2.6","7.9"
"Welwyn Hatfield","110700","54500","56200","881","405","476","8","6","9","8","484.4","557","430.3","5.7","4.3","6.4"
"Norfolk","859400","421200","438200","8869","4295","4574","46","36","83","10.3","485.1","568","415.7","4.9","3.9","8.8"
"Breckland","131000","64800","66200","1414","664","750","7","6","12","10.8","500.9","572.4","438.3","4.7","4","8"
"Broadland","124700","60900","63800","1281","578","703","5","5","8","10.3","441.2","479.2","412.6","4.4","4.4","6.9"
"Great Yarmouth","97400","47900","49600","1120","548","572","6","5","11","11.5","590.2","701","500.5","5.4","4.5","9.9"
"King's Lynn and West Norfolk","147900","72400","75500","1587","785","802","13","11","15","10.7","498.2","583.8","424.9","8.2","7","9.5"
"North Norfolk","101700","49200","52400","1275","631","644","5","2","8","12.5","445.4","544.1","367","5.8","0","9.3"
"Norwich","132200","65300","66900","1062","526","536","6","3","16","8","522.1","641","425.1","3.2","1.6","8.4"
"South Norfolk","124500","60700","63800","1130","563","567","4","4","13","9.1","431.5","504.5","366.5","3.2","3.2","10.2"
"Suffolk","730100","360900","369200","6880","3337","3543","35","21","54","9.4","465.2","547.2","395.1","4.2","2.5","6.4"
"Babergh","87900","43000","44900","808","405","403","3","1","0","9.2","424.2","519.2","349.7","3.8","0","0"
"Forest Heath","60000","30300","29800","455","223","232","5","1","8","7.6","465.2","541.2","393.8","4.8","0","7.6"
"Ipswich","133700","66600","67100","1086","505","581","13","8","14","8.1","506.5","586.7","438.6","6.6","4","7"
"Mid Suffolk","97100","48200","48900","851","425","426","1","1","0","8.8","435.3","509.4","372.2","0","0","0"
"St Edmundsbury","111400","55900","55500","900","439","461","4","4","9","8.1","425.2","495.7","366.8","3.2","3.2","7.1"
"Suffolk Coastal","124600","60900","63700","1394","669","725","4","3","6","11.2","469.3","542.7","406","3.6","2.7","5.3"
"Waveney","115400","56000","59300","1386","671","715","5","3","8","12","511.1","612.1","423.1","4","2.4","6.4"
"LONDON","8204400","4054000","4150399","46685","23190","23495","551","380","1058","5.7","493.8","594.2","410.7","4.1","2.9","7.9"
"INNER LONDON","3241100","1616500","1624600","15195","7889","7306","244","180","466","4.7","527.6","637.7","432.3","4.5","3.3","8.6"
"Camden","220100","108100","112000","1103","561","542","19","15","30","5","461","555.4","384.9","6.1","4.8","9.6"
"Hackney and City of London3","254600","126700","127900","1042","559","483","19","11","43","4.1","541.8","641.6","444.6","4.3","2.5","9.6"
"Hammersmith and Fulham","182400","89100","93300","937","486","451","9","8","13","5.1","563.6","699.2","451.3","3.3","2.9","4.7"
"Haringey","255500","126800","128699","1107","574","533","15","10","26","4.3","492.2","593","408.9","3.5","2.4","6.1"
"Islington","206300","101800","104500","1042","566","476","8","6","23","5.1","571.8","710.7","450.2","2.7","2","7.6"
"Kensington and Chelsea","158300","78100","80200","814","407","407","9","7","21","5.1","423.6","496","358.5","4.1","3.2","9.5"
"Lambeth","304500","151800","152700","1355","766","589","31","20","46","4.5","547.4","707","411.6","6.5","4.2","9.6"
"Lewisham","276900","135600","141300","1607","768","839","22","15","52","5.8","580.8","686","493.4","4.5","3.1","10.5"
"Newham","310500","162000","148400","1231","646","585","26","17","47","4","555.8","659.7","463.5","4.1","2.7","7.4"
"Southwark","288700","143000","145700","1340","700","640","25","22","51","4.6","560.1","686.2","458.3","4.9","4.3","10"
"Tower Hamlets","256000","132100","123900","1013","570","443","32","29","57","4","609.1","757.7","469.5","7","6.4","12.4"
"Wandsworth","307700","149200","158500","1521","726","795","18","13","41","4.9","531.7","628.4","451.5","3.3","2.4","7.4"
"Westminster","219600","112000","107600","1083","560","523","11","7","16","4.9","442.6","514.6","375.5","3.6","2.3","5.2"
"OUTER LONDON","4963300","2437500","2525800","31490","15301","16189","307","200","592","6.3","476.7","571.6","400.1","3.9","2.5","7.5"
"Barking and Dagenham","187000","90900","96200","1218","589","629","14","11","40","6.5","586.7","731.3","476.8","3.8","3","10.8"
"Barnet","357500","173400","184100","2305","1038","1267","19","13","33","6.4","437.8","502","385.1","3.5","2.4","6"
"Bexley","232800","112100","120700","1847","895","952","9","4","13","7.9","481.9","588.8","398","2.8","1.3","4.1"
"Brent","312200","157300","155000","1471","791","680","31","21","50","4.7","458","561.7","368.1","5.9","4","9.5"
"Bromley","310600","149200","161400","2530","1159","1371","8","5","24","8.1","453.5","531.7","389","1.9","1.2","5.8"
"Croydon","364800","176900","187900","2365","1145","1220","23","13","43","6.5","513","606.6","435.6","4","2.3","7.5"
"Ealing","339300","169800","169500","1866","970","896","24","18","56","5.5","499","605.3","404.4","4.1","3.1","9.6"
"Enfield","313900","151500","162400","1846","921","925","21","10","41","5.9","455.5","568.5","370.2","4.3","2","8.3"
"Greenwich","255500","126900","128600","1543","778","765","14","12","40","6","553","689.1","449.6","3.1","2.6","8.7"
"Harrow","240500","118900","121600","1414","711","703","18","11","23","5.9","410.8","497.7","336.8","5.2","3.2","6.6"
"Havering","237900","114500","123400","2105","999","1106","12","8","21","8.8","477.8","584.1","395.2","4.1","2.8","7.2"
"Hillingdon","275500","136800","138700","1780","866","914","13","8","30","6.5","481.9","556.5","418.9","3","1.8","6.8"
"Hounslow","254900","128100","126800","1403","696","707","20","14","38","5.5","513","600.5","443.6","4.4","3.1","8.3"
"Kingston upon Thames","160400","78400","82100","1029","484","545","8","8","11","6.4","453.2","550","375.1","3.5","3.5","4.8"
"Merton","200500","99000","101500","1171","566","605","15","9","26","5.8","480.8","572.2","407.3","4.2","2.5","7.3"
"Redbridge","281400","139500","141900","1733","835","898","15","7","40","6.2","474.7","563.2","406.7","3.3","1.5","8.6"
"Richmond upon Thames","187500","91400","96100","1153","545","608","11","9","13","6.1","412","501.6","341.7","3.7","3.1","4.4"
"Sutton","191100","92900","98200","1371","670","701","6","5","18","7.2","474.9","577.9","398.4","2.2","1.8","6.5"
"Waltham Forest","259700","130000","129800","1340","643","697","26","14","32","5.2","487.5","566.8","427.7","5.4","2.9","6.6"
"SOUTH EAST","8652800","4251400","4401400","74135","35196","38939","380","259","734","8.6","482.4","568.5","410.9","3.5","2.4","6.8"
"Bracknell Forest UA","113700","56500","57200","701","307","394","4","2","13","6.2","470.6","499.7","441.7","2.5","0","8.2"
"Brighton and Hove UA","273000","136200","136800","2081","978","1103","16","16","27","7.6","533.2","624","456.9","4.9","4.9","8.2"
"Isle of Wight UA","138400","67500","70900","1601","745","856","5","3","12","11.6","483.3","565.1","415.3","3.8","2.3","9"
"Medway UA","264900","131400","133500","2013","978","1035","12","8","23","7.6","557.6","658.6","474.8","3.4","2.2","6.4"
"Milton Keynes UA","249900","123600","126300","1552","763","789","12","9","30","6.2","538.2","644.6","453.6","3.1","2.3","7.6"
"Portsmouth UA","205400","103900","101600","1706","839","867","4","3","13","8.3","601","729.6","495.5","1.5","1.1","4.8"
"Reading UA","155300","77900","77400","1019","502","517","13","10","23","6.6","534.1","630.4","444.4","5","3.9","8.9"
"Slough UA","140700","70400","70300","777","410","367","18","11","22","5.5","570.4","700","460.7","6.4","3.9","7.8"
"Southampton UA","235900","119200","116700","1750","843","907","14","6","29","7.4","551.9","657.9","458.1","3.9","1.7","8.1"
"West Berkshire UA","154100","76400","77700","1122","581","541","8","5","11","7.3","471.7","573.3","386.1","4","2.5","5.5"
"Windsor and Maidenhead UA","145100","71700","73400","1141","532","609","9","6","15","7.9","451.4","522.1","390.7","5","3.4","8.4"
"Wokingham UA","154900","76700","78200","1044","493","551","6","6","16","6.7","434.6","491.8","384.2","3.2","3.2","8.5"
"Buckinghamshire","506600","249000","257600","3793","1863","1930","20","16","58","7.5","447.5","536","374.1","3.3","2.6","9.4"
"Aylesbury Vale","174900","86600","88300","1284","656","628","8","7","24","7.3","483.8","606.8","385.5","3.6","3.1","10.7"
"Chiltern","92700","45000","47600","724","338","386","3","3","10","7.8","404.9","462.7","354.1","3.3","3.3","10.8"
"South Bucks","67100","32500","34500","572","290","282","2","1","7","8.5","419.5","515.6","353.7","0","0","9.6"
"Wycombe","172000","84800","87200","1213","579","634","7","5","17","7.1","453","522.5","389.6","3.1","2.2","7.5"
"East Sussex","527200","254100","273100","6139","2820","3319","21","16","36","11.6","496","586.5","421.3","3.9","3","6.6"
"Eastbourne","99300","47600","51700","1204","517","687","2","2","6","12.1","504.2","580.8","440.4","0","0","5"
"Hastings","90200","44000","46200","988","469","519","6","4","9","11","633.1","768.1","513","5","3.3","7.5"
"Lewes","97600","47300","50200","1050","504","546","4","3","6","10.8","466.4","564.6","389.2","4.2","3.2","6.3"
"Rother","90700","43100","47600","1286","580","706","7","5","5","14.2","479.4","555.7","416.5","9.3","6.6","6.6"
"Wealden","149400","72100","77400","1611","750","861","2","2","10","10.8","455.9","536.6","392.5","0","0","7.6"
"Hampshire","1322100","647500","674600","11397","5389","6008","50","30","81","8.6","454.5","524.8","396.7","3.3","2","5.3"
"Basingstoke and Deane","168600","83500","85000","1176","535","641","8","6","18","7","485.7","519.4","452.5","3.4","2.5","7.6"
"East Hampshire","116000","56500","59500","1047","470","577","3","2","5","9","447.1","507.5","397.9","2.5","0","4.2"
"Eastleigh","125900","61700","64200","911","448","463","5","3","11","7.2","414.2","500.5","348","3.2","1.9","7.1"
"Fareham","111900","54800","57100","1091","510","581","5","3","11","9.7","466.2","519.9","424","4.5","2.7","9.8"
"Gosport","82700","40800","41900","766","366","400","7","2","0","9.3","548.3","631.2","479","6.8","0","0"
"Hart","91700","45600","46000","587","271","316","0","0","0","6.4","391.2","427.2","359.9","0","0","0"
"Havant","120800","58600","62200","1258","610","648","7","6","10","10.4","519.8","592.3","462.7","5.2","4.5","7.4"
"New Forest","176800","84900","91900","1998","928","1070","7","1","8","11.3","424.5","493.8","366","4.4","0","5"
"Rushmoor","94400","47200","47200","624","302","322","3","3","0","6.6","506.7","612.4","417.8","2.1","2.1","0"
"Test Valley","116700","57100","59600","962","491","471","3","2","0","8.2","449.4","564.8","356.8","2.3","0","0"
"Winchester","116800","56800","60000","977","458","519","2","2","5","8.4","415.2","493.1","353.6","0","0","4"
"Kent","1466500","717200","749200","13434","6437","6997","61","38","119","9.2","504.8","603.6","423.2","3.5","2.2","6.7"
"Ashford","118400","57400","61000","888","428","460","3","2","8","7.5","439.1","517.3","377.6","2.1","0","5.5"
"Canterbury","150600","72600","78000","1481","693","788","5","4","8","9.8","490.3","591.9","410.2","3.4","2.7","5.4"
"Dartford","97600","48200","49400","858","382","476","4","3","11","8.8","578.4","623.3","536","2.7","2","7.4"
"Dover","111700","54800","56900","1231","582","649","5","2","6","11","559.4","655.5","472.9","4.3","0","5.1"
"Gravesham","101800","50200","51600","832","407","425","4","4","15","8.2","521.2","622.1","427.7","2.9","2.9","10.7"
"Maidstone","155800","76900","78900","1307","616","691","9","5","21","8.4","481.6","572.6","407.3","4.5","2.5","10.5"
"Sevenoaks","115400","56000","59400","997","467","530","6","4","8","8.6","446.7","524.8","381.1","4.5","3","5.9"
"Shepway","108200","53300","54900","1159","579","580","4","2","10","10.7","523.5","650.4","416.2","3.4","0","8.4"
"Swale","136300","67400","68900","1160","557","603","10","4","12","8.5","531.2","619.1","466.2","5.9","2.3","7"
"Thanet","134400","64700","69800","1689","834","855","3","2","6","12.6","602.2","760.8","476.7","1.8","0","3.5"
"Tonbridge and Malling","121100","59300","61800","933","454","479","6","5","8","7.7","466.1","550.4","395.9","4.4","3.7","5.9"
"Tunbridge Wells","115200","56600","58700","899","438","461","2","1","6","7.8","428.8","540.4","338.7","0","0","4.4"
"Oxfordshire","654800","324100","330700","5058","2476","2582","31","22","54","7.7","476.2","566.8","400.2","3.6","2.6","6.3"
"Cherwell","142300","70400","71900","1025","506","519","7","6","18","7.2","470.6","560.8","400.4","3.6","3.1","9.3"
"Oxford","150200","74800","75500","949","487","462","7","7","12","6.3","546.6","700.9","412.1","3.4","3.4","5.7"
"South Oxfordshire","135000","66400","68500","1117","543","574","8","5","12","8.3","456.9","539.3","389.4","4.8","3","7.2"
"Vale of White Horse","121900","60700","61200","1044","503","541","4","2","6","8.6","465.8","541.8","400.4","2.6","0","3.9"
"West Oxfordshire","105400","51900","53500","923","437","486","5","2","6","8.8","465.5","531.8","409.7","3.8","0","4.5"
"Surrey","1135400","556400","578900","9419","4408","5011","41","29","89","8.3","446.2","524","380.7","2.9","2.1","6.3"
"Elmbridge","131400","63700","67700","1055","499","556","7","3","11","8","442","519.8","381.5","3.7","1.6","5.8"
"Epsom and Ewell","75200","36500","38700","572","261","311","1","0","6","7.6","413.6","465","367.3","0","0","6.4"
"Guildford","137600","68400","69200","964","469","495","6","6","7","7","419.2","504.4","348.6","3.6","3.6","4.2"
"Mole Valley","85600","41900","43800","805","395","410","1","1","5","9.4","425.7","525.9","340","0","0","5.7"
"Reigate and Banstead","138400","67700","70700","1237","539","698","3","2","10","8.9","470.5","542.8","402.7","1.6","0","5.3"
"Runnymede","80500","39200","41300","672","324","348","1","1","0","8.3","471.3","563.5","397.6","0","0","0"
"Spelthorne","95900","47200","48700","867","435","432","3","2","12","9","508.9","617.9","413.3","2.4","0","9.6"
"Surrey Heath","86400","43000","43400","692","317","375","2","1","0","8","463.1","528.4","406.7","0","0","0"
"Tandridge","83200","40300","42900","767","361","406","5","4","9","9.2","469.5","555.6","400.3","5.5","4.4","9.8"
"Waverley","121800","59400","62400","1050","473","577","6","5","8","8.6","407","465.8","358","4.6","3.9","6.2"
"Woking","99500","49300","50200","738","335","403","6","4","14","7.4","445.7","504.3","399.6","4.1","2.8","9.6"
"West Sussex","808900","391700","417200","8388","3832","4556","35","23","63","10.4","473.4","551.6","411.2","3.8","2.5","6.8"
"Adur","61300","29600","31700","690","308","382","2","1","0","11.2","493.2","571.9","420.2","0","0","0"
"Arun","149800","71500","78300","1997","956","1041","6","3","13","13.3","501.1","610.1","415.9","3.8","1.9","8.2"
"Chichester","114000","54500","59500","1366","599","767","5","3","0","12","473.1","534.6","419.5","4.4","2.6","0"
"Crawley","107100","52900","54100","732","370","362","7","3","11","6.8","493.8","615.3","400.9","4.1","1.7","6.4"
"Horsham","131500","64000","67600","1149","542","607","4","3","6","8.7","426.5","497.1","378","3.1","2.3","4.6"
"Mid Sussex","140200","68600","71500","1222","514","708","7","6","13","8.7","434.9","477.9","399.6","4.6","3.9","8.5"
"Worthing","105000","50600","54400","1232","543","689","4","4","11","11.7","513.6","599.4","445.9","3.2","3.2","8.6"
"SOUTH WEST","5300800","2599200","2701600","51382","24490","26892","227","168","418","9.7","486.5","575.7","411.2","3.7","2.8","6.8"
"Bath and North East Somerset UA","175500","85900","89600","1560","761","799","4","3","15","8.9","468.3","576.2","379.6","2.2","1.6","8.2"
"Bournemouth UA","183500","91600","91900","1908","912","996","8","7","14","10.4","534.3","647.1","434.1","3.4","3","6"
"Bristol‚ City of UA","428100","213400","214700","3290","1595","1695","20","17","45","7.7","556.2","668.5","464.2","3","2.5","6.7"
"Cornwall UA and Isles of Scilly UA3","536000","259600","276400","5663","2764","2899","33","22","39","10.6","502.9","606.2","416.9","5.7","3.8","6.7"
"North Somerset UA","203100","98700","104400","2214","1013","1201","12","9","12","10.9","512.8","595.8","442.5","5.1","3.9","5.1"
"Plymouth UA","256600","127200","129400","2236","1096","1140","18","14","40","8.7","548.6","658.7","453.3","5.5","4.3","12.1"
"Poole UA","148100","72400","75600","1524","713","811","7","4","13","10.3","479.2","566.5","405.4","4","2.3","7.3"
"South Gloucestershire UA","263400","130699","132700","2011","980","1031","5","4","12","7.6","456","538.5","380.3","1.6","1.3","3.8"
"Swindon UA","209700","104900","104800","1605","775","830","8","6","22","7.7","539.2","614.9","476.6","2.7","2","7.3"
"Torbay UA","131200","63200","68000","1672","728","944","6","5","10","12.7","538.4","601.8","480.4","4","3.3","6.6"
"Wiltshire UA","474300","234300","240100","4138","1964","2174","19","17","39","8.7","476","553.2","413.3","3.5","3.1","7.1"
"Devon","747700","362900","384800","8102","3763","4339","34","25","53","10.8","470.8","550.6","403.3","4.5","3.3","7"
"East Devon","133300","64000","69300","1730","761","969","4","3","7","13","434.3","487.1","387.8","3.6","2.7","6.3"
"Exeter","117100","57000","60100","962","425","537","8","6","8","8.2","503.8","575.3","454.2","5.5","4.1","5.4"
"Mid Devon","77900","38100","39800","728","394","334","7","4","7","9.3","470.5","617.3","346.3","8.1","4.6","8.1"
"North Devon","94000","45800","48200","1055","486","569","7","7","14","11.2","510.5","586.7","445.9","6.5","6.5","12.9"
"South Hams","83600","40500","43100","873","404","469","1","1","0","10.4","427.7","498","367.3","0","0","0"
"Teignbridge","124300","60200","64099","1422","666","756","5","3","5","11.4","475","567.5","392.7","4.3","2.6","4.3"
"Torridge","64000","31300","32700","750","351","399","2","1","5","11.7","515.6","585","457.9","0","0","7.8"
"West Devon","53700","26200","27500","582","276","306","0","0","0","10.8","466.1","568","382.8","0","0","0"
"Dorset","413800","201700","212100","4623","2251","2372","11","6","18","11.2","429.3","511","361.2","3","1.6","4.9"
"Christchurch","47900","22900","25000","636","316","320","0","0","0","13.3","414.9","513.7","334.5","0","0","0"
"East Dorset","87300","42000","45300","1008","490","518","1","0","0","11.5","379.3","445.4","323.9","0","0","0"
"North Dorset","69000","34500","34500","631","321","310","1","0","0","9.1","426.2","524.5","344.5","0","0","0"
"Purbeck","45200","22200","23000","457","233","224","2","2","0","10.1","435.5","528.5","352.3","0","0","0"
"West Dorset","99300","47700","51600","1206","565","641","1","1","0","12.1","425.4","500.3","368.7","0","0","0"
"Weymouth and Portland","65099","32400","32700","685","326","359","6","3","5","10.5","519.9","593.7","451.4","9","4.5","7.5"
"Gloucestershire","598300","293300","305000","5470","2656","2814","19","10","43","9.1","484.1","583.6","401.2","2.8","1.5","6.4"
"Cheltenham","115600","56500","59100","977","466","511","3","1","6","8.4","469.4","566","391.5","2.1","0","4.2"
"Cotswold","83200","40200","43000","800","382","418","2","0","5","9.6","422.9","507","357.6","0","0","7.1"
"Forest of Dean","82200","40400","41800","823","391","432","4","3","0","10","512.6","594.2","437.2","5.1","3.8","0"
"Gloucester","121900","60100","61800","1003","536","467","5","2","13","8.2","556.7","727.6","416.9","2.8","0","7.1"
"Stroud","113100","55700","57400","1075","485","590","2","2","12","9.5","466.7","534.9","406.2","0","0","10.8"
"Tewkesbury","82300","40300","41900","792","396","396","3","2","0","9.6","488.3","591.6","403.5","3.3","0","0"
"Somerset County","531600","259300","272200","5366","2519","2847","23","19","43","10.1","467","550.3","396.1","4","3.3","7.4"
"Mendip","109400","53400","56000","1014","476","538","7","6","17","9.3","458.5","540.5","387.4","6","5.2","14.5"
"Sedgemoor","114900","56200","58700","1097","538","559","2","1","6","9.5","461.8","548.5","391.6","0","0","4.8"
"South Somerset","162100","79600","82500","1611","741","870","8","7","15","9.9","455.4","522","397.8","4.5","4","8.5"
"Taunton Deane","110600","53600","57000","1184","564","620","3","2","0","10.7","496.6","615.4","396.3","2.3","0","0"
"West Somerset","34600","16500","18100","460","200","260","3","3","0","13.3","484.5","539.2","437.2","9.8","9.8","0"
"WALES","3063800","1504500","1559300","30426","14942","15484","140","97","236","9.9","562.8","673.3","471.6","3.9","2.7","6.6"
"Isle of Anglesey","69900","34400","35500","783","377","406","5","4","10","11.2","521.9","625.5","431.5","6.5","5.2","12.9"
"Gwynedd","121500","59700","61800","1173","593","580","6","4","16","9.7","485.1","615.8","378.9","4.5","3","12"
"Conwy","115300","55800","59500","1475","689","786","7","5","10","12.8","542.9","645.2","456.2","5.9","4.2","8.4"
"Denbighshire","93900","46100","47800","1072","510","562","3","2","7","11.4","571.5","642.6","514.4","2.7","0","6.3"
"Flintshire","152700","75300","77400","1339","672","667","5","5","6","8.8","528.8","620.2","453.7","2.9","2.9","3.5"
"Wrexham","135100","67100","67900","1247","605","642","8","4","7","9.2","559.9","652.5","480.8","4.6","2.3","4"
"Powys","133100","65800","67300","1426","718","708","3","3","12","10.7","488.6","579.6","413.1","2.4","2.4","9.7"
"Ceredigion","75300","37500","37800","774","386","388","2","2","0","10.3","515.9","622","424","0","0","0"
"Pembrokeshire","122600","60000","62700","1303","646","657","4","0","0","10.6","522.6","616.5","447.1","3.1","0","0"
"Carmarthenshire","184000","89900","94100","2052","992","1060","1","1","7","11.2","549.6","651.7","466","0","0","3.6"
"Swansea","238700","118000","120700","2414","1207","1207","13","8","21","10.1","586.6","717.3","480.6","4.8","2.9","7.7"
"Neath Port Talbot","139900","68400","71500","1601","793","808","6","5","12","11.4","647.1","781.7","539.5","3.8","3.1","7.5"
"Bridgend","139400","68900","70500","1450","687","763","8","4","5","10.4","631.8","723","549.3","4.6","2.3","2.9"
"Vale of Glamorgan","126700","61700","64900","1104","541","563","3","3","9","8.7","482.2","587.4","408.2","2.1","2.1","6.1"
"Cardiff","345400","169900","175600","2609","1285","1324","21","18","35","7.6","547.7","669.8","452.9","4.4","3.8","7.3"
"Rhondda‚ Cynon‚ Taff","234400","114600","119800","2451","1209","1242","11","6","14","10.5","658.9","793.5","545.3","3.7","2","4.6"
"Merthyr Tydfil","58900","28800","30100","588","293","295","4","3","8","10","633.3","776.1","509.4","5.2","3.9","10.4"
"Caerphilly","178800","87600","91100","1672","822","850","7","4","16","9.4","603.2","721.9","505.1","3.3","1.9","7.6"
"Blaenau Gwent","69800","34300","35500","791","392","399","7","4","0","11.3","704.7","833","591.7","8.9","5.1","0"
"Torfaen","91200","44400","46800","913","455","458","7","6","12","10","574","708.7","459.1","6.4","5.5","10.9"
"Monmouthshire","91500","45000","46500","880","436","444","4","2","6","9.6","484.5","578.1","407.8","5.1","0","7.6"
"Newport","145800","71400","74400","1309","634","675","5","4","11","9","563.4","658.1","481.1","2.6","2.1","5.7"
"Outside England and Wales","NaN","NaN","NaN","1079","650","429","28","14","32","..","..","..","..","..","..",".."
"SCOTLAND1","5254800","2548200","2706600","53661","25913","27748","238","159","409","10.2","640.9","765.8","539.9","4.1","2.7","6.9"
"Council areas","NaN","NaN","NaN",,,,,,,,,,,,,
"Aberdeen City","220400","109300","111200","1973","957","1016","8","5","11","9","618","739.3","511.4","3.1","1.9","4.2"
"Aberdeenshire","247600","122900","124700","2191","1074","1117","8","3","17","8.8","550.4","631.5","479.4","3","1.1","6.3"
"Angus","110600","53700","56900","1222","571","651","6","3","10","11","579.8","656.8","515.6","5.2","2.6","8.6"
"Argyll & Bute","89600","44600","45000","1047","521","526","0","0","2","11.7","588","701.6","503.8","0","0","0"
"Clackmannanshire","50800","24900","25900","477","238","239","1","0","5","9.4","636","765","548.4","0","0","8.8"
"Dumfries & Galloway","148100","71700","76400","1707","800","907","3","2","2","11.5","569.3","649.5","503.3","2.1","0","0"
"Dundee City","145600","69500","76100","1660","819","841","10","7","13","11.4","707","856","590.8","5.7","4","7.3"
"East Ayrshire","120200","58200","62000","1319","634","685","7","5","6","11","675.6","793.8","580.8","5.1","3.7","4.4"
"East Dunbartonshire","104600","50400","54200","950","465","485","0","0","3","9.1","498.1","610.9","410.3","0","0","3.2"
"East Lothian","98200","47100","51000","966","454","512","5","3","9","9.8","580.8","672.4","504.8","4.4","2.7","7.9"
"East Renfrewshire","89900","43100","46800","825","379","446","1","0","6","9.2","515.2","624.4","434","0","0","7.4"
"Edinburgh City of","495400","239700","255600","4232","2013","2219","22","15","35","8.5","590.1","712.9","492.2","4","2.7","6.3"
"Eilean Siar","26100","12800","13300","365","169","196","3","3","3","14","701.2","807.6","633.3","12.8","12.8","12.8"
"Falkirk","154400","74900","79500","1548","771","777","7","5","13","10","660.3","792.8","558.3","4","2.8","7.4"
"Fife","367400","177300","190000","3759","1824","1935","16","12","35","10.2","610","744.2","508.5","3.7","2.8","8.2"
"Glasgow City","598800","290600","308300","6403","3201","3202","45","33","71","10.7","840.5","1080.6","661.7","5.9","4.3","9.2"
"Highland","222400","109100","113200","2440","1197","1243","14","10","23","11","624.9","741.4","523.6","6","4.3","9.8"
"Inverclyde","79200","37800","41400","1013","488","525","1","0","7","12.8","770.5","962.9","607","0","0","8.5"
"Midlothian","82400","39300","43000","782","375","407","6","3","7","9.5","601.2","704.4","509.3","6.1","3.1","7.1"
"Moray","87300","43800","43500","983","482","501","2","2","4","11.3","628.1","738.5","525.7","0","0","4.1"
"North Ayrshire","135100","64099","71000","1535","756","779","12","7","13","11.4","676.9","839.9","550.4","8.3","4.8","8.9"
"North Lanarkshire","326700","157300","169400","3381","1606","1775","18","13","27","10.3","742.2","875.1","633.7","4.5","3.3","6.7"
"Orkney Islands","20200","10000","10200","209","100","109","0","0","0","10.4","567.5","642","493.7","0","0","0"
"Perth & Kinross","149500","73500","76000","1496","717","779","1","0","7","10","513.7","606.4","438.5","0","0","4.8"
"Renfrewshire","170700","81800","88800","1838","916","922","6","5","19","10.8","686.2","841.9","565.3","3.3","2.7","10.3"
"Scottish Borders","113200","54900","58200","1234","574","660","3","1","7","10.9","567.5","640.4","499.2","2.7","0","6.3"
"Shetland Islands","22500","11400","11100","231","103","128","0","0","3","10.3","625.4","665.2","563.7","0","0","12.2"
"South Ayrshire","111600","53500","58000","1412","655","757","8","3","8","12.7","621.6","712.5","551.1","7.5","2.8","7.4"
"South Lanarkshire","312700","149900","162800","3214","1511","1703","12","11","24","10.3","651.6","767.1","559.8","3.4","3.1","6.8"
"Stirling","90800","43300","47400","782","350","432","2","0","1","8.6","521.5","600.4","463.3","0","0","0"
"West Dunbartonshire","90400","43000","47400","1043","526","517","5","4","5","11.5","762.3","996.6","585.9","4.7","3.8","4.7"
"West Lothian","173000","84600","88400","1424","667","757","6","4","13","8.2","649.7","718","590.8","2.8","1.9","6.1"
"NORTHERN IRELAND1","1806900","888500","918300","14204","6918","7286","110","88","164","7.9","566.5","683","471.4","4.3","3.4","6.4"
"Local Government District","NaN","NaN","NaN",,,,,,,,,,,,,
"Antrim","54500","27000","27400","369","192","177","3","3","4","6.8","566.7","685.3","459.3","3.9","3.9","5.1"
"Ards","78300","38400","39900","661","317","344","6","4","9","8.4","530.2","620.4","452","6.7","4.5","10"
"Armagh","60100","29700","30400","439","219","220","4","4","4","7.3","545.3","667.4","441.7","4.3","4.3","4.3"
"Ballymena","63800","31300","32500","532","270","262","4","4","4","8.3","528.2","656.9","420.1","4.8","4.8","4.8"
"Ballymoney","30800","15300","15500","230","134","96","3","3","1","7.5","555.2","766.9","386.2","7.6","7.6","0"
"Banbridge","48400","24200","24300","327","168","159","5","5","7","6.8","506.1","624.8","412.2","7.4","7.4","10.3"
"Belfast","267600","128600","139000","2593","1204","1389","13","11","22","9.7","690","840.2","567.8","3.2","2.7","5.4"
"Carrickfergus","40100","19400","20600","357","177","180","2","2","2","8.9","607.7","775.7","481.9","0","0","0"
"Castlereagh","67300","32400","34900","637","302","335","4","3","4","9.5","536.8","668.6","440.9","4.9","3.7","4.9"
"Coleraine","56700","27600","29100","505","266","239","4","2","5","8.9","547.9","710.7","426.3","5.9","0","7.4"
"Cookstown","37100","18600","18500","234","109","125","4","4","6","6.3","502.8","564.8","434.7","7.2","7.2","10.7"
"Craigavon","94800","47000","47700","663","337","326","7","4","8","7","564.5","689","459.9","4.6","2.7","5.3"
"Derry","109900","53800","56100","744","366","378","5","3","12","6.8","619.3","737.5","531.4","2.8","1.7","6.6"
"Down","71100","35400","35700","525","253","272","5","4","6","7.4","521.1","597.2","448.6","5.4","4.3","6.5"
"Dungannon","58600","29600","28900","406","217","189","3","2","2","6.9","577.7","756.4","444.1","3.4","0","0"
"Fermanagh","63300","32000","31400","481","225","256","6","4","8","7.6","517","588.7","444.2","7.2","4.8","9.6"
"Larne","31600","15500","16100","264","134","130","1","1","1","8.3","539.2","661.2","440.3","0","0","0"
"Limavady","33900","17000","16900","211","105","106","1","1","4","6.2","501.9","642.9","411.4","0","0","8.1"
"Lisburn","118700","57900","60800","880","398","482","6","6","10","7.4","577.7","649.6","500.1","3.4","3.4","5.6"
"Magherafelt","45100","22900","22300","298","150","148","1","0","3","6.6","565.4","689.3","468.1","0","0","4.4"
"Moyle","17000","8400","8600","159","77","82","1","1","1","9.4","569.7","650.8","499.7","0","0","0"
"Newry and Mourne","100900","50100","50800","643","322","321","7","6","12","6.4","549.8","668.9","452.9","3.9","3.4","6.7"
"Newtownabbey","83700","40700","43100","674","319","355","3","1","4","8","532.4","626.7","461.8","2.6","0","3.5"
"North Down","80200","39100","41100","770","345","425","4","3","9","9.6","521","624.1","450.5","4.1","3.1","9.1"
"Omagh","53300","26500","26800","324","166","158","3","2","5","6.1","493.1","600.9","410.2","4","0","6.7"
"Strabane","40200","20100","20100","278","146","132","5","5","11","6.9","557.1","665.2","471.2","8.9","8.9","19.5"